"","baseMean","log2FoldChange","lfcSE","pvalue","padj"
"ENSG00000188157.16",15043.8197665348,-1.44992255546617,0.356362797682957,2.72342429798315e-06,0.000341608822607859
"ENSG00000228594.4",75.8957307929222,-1.35674298283082,0.386240382233294,2.48008195095304e-05,0.00135263781859068
"ENSG00000157933.11",1908.9682450038,-1.25879741359576,0.361533316807232,2.96404299794185e-05,0.00155003029895286
"ENSG00000142611.17",30.0195727572942,-1.32340135387263,0.449850573071345,0.00017829971142708,0.00508451816195157
"ENSG00000302015.1",34.6354188177669,-1.76048256648944,0.629256059786049,0.000213788032074947,0.00583707279395049
"ENSG00000188807.13",383.669082715831,-1.0153076149903,0.329616925564798,0.000146577231602417,0.00444676267371384
"ENSG00000171608.18",405.328171478243,-1.06674244261734,0.305340306822691,3.37932563640427e-05,0.00166983371736042
"ENSG00000116649.10",673.106011367861,-1.05694239657716,0.313615270867748,5.26854040860983e-05,0.00227167810839506
"ENSG00000162490.7",220.780092911624,-1.41119337252993,0.296606182442704,1.18431085052539e-07,4.28204348090023e-05
"ENSG00000028137.19",21.1756981914924,-1.82497582126826,0.51612630945034,2.28765422754961e-05,0.00127830697444104
"ENSG00000162496.10",1579.28844737711,1.77283665130312,0.304049577550635,3.2594482837132e-10,4.17605170464027e-07
"ENSG00000288927.3",36.4784141222304,2.03313972457691,0.402748284236224,2.50156494774845e-08,1.18080448599379e-05
"ENSG00000159363.19",1178.98830185296,-1.2017202080628,0.316693404407673,9.5005963484369e-06,0.000722085579245393
"ENSG00000117298.16",11513.4352622416,-1.50505856676049,0.350156183499089,9.55858469623258e-07,0.000169754785837944
"ENSG00000236936.2",39.9160845337439,-1.30255843142549,0.557261907303324,0.000876501495164179,0.0148318936969433
"ENSG00000162551.14",71.6477194182459,-1.13908272020496,0.342899007521131,5.88072645003817e-05,0.00238109684727618
"ENSG00000142798.20",18155.4928743896,-2.31864651263423,0.853439647126498,0.000201809823084237,0.00558580540397856
"ENSG00000133216.17",1995.35927098487,-1.48899532427017,0.265159074614626,1.21814894389702e-09,1.1499967161411e-06
"ENSG00000162430.18",2265.11679815483,-1.22028266525323,0.36369638394038,4.96868402320337e-05,0.00216354720672495
"ENSG00000158014.15",51.8021549654919,1.33136649701658,0.406593627848052,6.16392420954019e-05,0.00244081696653285
"ENSG00000090020.11",499.384045329803,-1.47392511550753,0.819841521729657,0.00211558115233106,0.0267233655840579
"ENSG00000126705.15",318.425503710608,-2.04656486846899,0.80064626136108,0.000339594638065342,0.00782944604495892
"ENSG00000162522.11",3699.0151664397,-1.32109516265067,0.352521837532172,9.30343686212768e-06,0.000710109561685039
"ENSG00000116525.14",138.645319142548,-1.15467368326468,0.371335706196161,0.000114052988150873,0.00376468508678883
"ENSG00000183386.11",240.42389937392,-1.24595959646574,0.389478725554321,7.83707770485065e-05,0.00292861797483138
"ENSG00000171790.16",126.690655992996,-1.24732683209697,0.405752114776003,0.000117840099731289,0.00381612929547246
"ENSG00000198198.17",1140.76016162003,-1.02877719549282,0.357071173975558,0.000246366454620916,0.00645120452048959
"ENSG00000142949.18",4478.72418099763,-1.61024145792278,0.660493122669629,0.000543549589385264,0.0107374988819422
"ENSG00000196517.13",293.288058988648,-1.73004752055644,0.368725056933247,1.41609018915325e-07,4.70377957830405e-05
"ENSG00000188396.4",55.5381030248535,-1.10157230691713,0.703495127916755,0.00428594973099893,0.0423331940115241
"ENSG00000237424.1",23.3179566152362,-2.14493920948168,0.592576810766085,1.38603381954626e-05,0.000945296145292823
"ENSG00000123080.12",53.6280751451883,-1.16059328636574,0.451208368433042,0.000548342349827182,0.0108068499940857
"ENSG00000226415.1",66.8225011957095,1.28186577815622,0.519965351705274,0.000662474522838728,0.0124167246772814
"ENSG00000142871.18",3784.32379422267,-1.31130681580373,0.393103021287064,4.89057617374026e-05,0.00213956743483851
"ENSG00000137975.8",247.043254183413,1.28760881686589,0.285768155497985,4.4691295345958e-07,0.000100802677056052
"ENSG00000240038.8",172.586382284294,1.01963722084876,0.260148982554256,7.32909537782195e-06,0.000598181292268319
"ENSG00000143126.8",2505.39028322302,-1.43456644801896,0.440122487333155,5.60501231668303e-05,0.00233234411683735
"ENSG00000134258.18",790.989936909508,1.26489002570282,0.323488190910572,5.97163127189931e-06,0.00054097550567706
"ENSG00000155761.14",443.152014515845,1.00999309999201,0.23223916331988,1.16949920385777e-06,0.000194234326107378
"ENSG00000143369.15",147.563678495909,-1.25766829304703,0.334199792741796,1.0563403250757e-05,0.000777530296874076
"ENSG00000143382.16",443.463164844796,-1.28570243899941,0.429778006014859,0.000145824065711151,0.00444082558006948
"ENSG00000143416.21",112.569962072435,1.27544386915084,0.347593789917214,1.5229486651801e-05,0.00101174556323464
"ENSG00000143546.10",238.729323865345,-2.41412303949647,0.427095678545404,7.62273062604758e-10,8.04287760231855e-07
"ENSG00000169418.10",99.0016788574414,1.01762051819416,0.279705836246787,2.18549580483211e-05,0.00124448375400868
"ENSG00000160716.6",40.3141201751659,-1.0732052019179,0.596176790026496,0.00321370674702173,0.0348514255872605
"ENSG00000302966.1",28.7241940717774,-1.52756587984822,0.651094595601722,0.000755457614717546,0.0134430984476078
"ENSG00000160767.23",580.193603774823,-1.17769715894084,0.385628296746454,0.000133577596109293,0.00415893249109372
"ENSG00000116584.22",2315.1813387556,-1.0390867442544,0.294042767396765,3.00643073895972e-05,0.00155856497585897
"ENSG00000116604.19",678.541630677294,-1.00717599595544,0.373385692112192,0.000472745179470811,0.00975248310303346
"ENSG00000183856.11",468.963687990644,-1.18410421911735,0.288673596409545,2.71799745587396e-06,0.000341608822607859
"ENSG00000272405.1",79.2975170514742,-1.31515112244758,0.445892069121454,0.000165357655332935,0.00482279717675911
"ENSG00000132688.11",48.073217045001,-1.2873353401489,0.411788999971104,9.92612373253878e-05,0.00342679159188024
"ENSG00000162706.13",131.818705152643,1.00508606457295,0.270261989133547,1.59087152567958e-05,0.00103389357087372
"ENSG00000117152.14",49.1630253956369,1.5537337684641,0.491406956202416,7.90873275963676e-05,0.00293703808508498
"ENSG00000302084.1",21.6565113078644,1.28144586445499,0.486583632208247,0.000459522736345537,0.0096065959461887
"ENSG00000174175.17",86.8156953575002,1.30180353121034,0.327568510183786,4.56749971272832e-06,0.000470846220386252
"ENSG00000116183.11",443.268991779541,-1.41571211747414,0.298985984292836,1.33514173374858e-07,4.60546870735543e-05
"ENSG00000116852.15",324.575476348669,-1.37817543802172,0.320925730459833,1.03974476884528e-06,0.000179396537441585
"ENSG00000133048.13",866.019049743661,1.86061235890885,0.250392185355871,6.46380546696232e-15,2.31882557321806e-11
"ENSG00000143850.17",870.238687462573,-1.03520056288452,0.332064914561017,0.000126602839042105,0.00400507076525261
"ENSG00000117266.16",633.570660873372,-1.08182667327046,0.379545764697913,0.000288632349222305,0.00705819084074583
"ENSG00000174502.19",152.846652507855,-1.00132389998067,0.268050478675726,1.61602755120306e-05,0.00103768094832101
"ENSG00000076356.7",757.258097594129,-1.143902913464,0.397990769738519,0.000237044370515087,0.00631777841594223
"ENSG00000196878.15",28034.844057433,-1.28767841119386,0.264240786869657,7.25399408877088e-08,2.86082247373487e-05
"ENSG00000162931.12",60.8969829048875,-1.07983301571693,0.390390544977404,0.000354353781090339,0.0080968710463916
"ENSG00000116962.15",752.160390310494,-1.0385580264047,0.336021969064862,0.000138074802358775,0.00427008229294716
"ENSG00000130508.11",14578.6441792076,-1.1113680660473,0.294668636051165,1.07093516947422e-05,0.000780868460766632
"ENSG00000283031.2",28.3477085374653,-1.5437601683578,0.637699984206819,0.000635159627144751,0.0119924823495741
"ENSG00000305902.1",133.626162160428,-1.03441297769321,0.407200180369279,0.000685277043323522,0.0125940720554242
"ENSG00000305937.1",37.9961207622419,-2.03307217512042,0.534416531452282,6.9709660390366e-06,0.000576336597053187
"ENSG00000228262.12",1860.94830725398,1.21719541370999,0.160403238379513,2.57445544492518e-15,1.15445018289057e-11
"ENSG00000226994.10",92.3650323646728,1.39032801101349,0.363489001194011,7.7286494897398e-06,0.000608020990778345
"ENSG00000184261.5",48.0827779154206,-1.40219602280506,0.418639768484305,4.53793382552605e-05,0.00205430506838511
"ENSG00000135636.16",209.295516263656,-1.26701394863313,0.370690241697103,3.67667936007811e-05,0.00176764864390388
"ENSG00000152284.5",62.4063553594486,-1.35612496318714,0.547384391604684,0.000592286354793468,0.0114509157313066
"ENSG00000115602.17",192.708436945709,1.67658719119267,0.344241131956539,6.34441608611613e-08,2.6122234532434e-05
"ENSG00000296034.1",34.7043534067873,-1.13005303355164,0.628418944881838,0.00304046078830395,0.0337688824518935
"ENSG00000136688.11",23.3982019035132,-1.46925510962276,0.494897480951003,0.00017275966365012,0.0049841516118237
"ENSG00000289091.2",28.5928244282551,-1.02838582542697,0.463925704065534,0.00165277700006825,0.0226467287940844
"ENSG00000074047.22",145.698176747174,-1.48428559973213,0.483266064168071,0.000100659266756144,0.003458860666293
"ENSG00000230065.1",27.9769375956468,1.00155640344477,0.476818087523887,0.00214779438395687,0.0269594036844187
"ENSG00000153253.20",22.5846851744839,1.30066888433409,0.52413779242833,0.000674064233403323,0.012536363246541
"ENSG00000115232.14",82.7449184020736,1.18799407086587,0.304433416360079,6.71434318035817e-06,0.000570782813393765
"ENSG00000223523.2",44.9373022480303,1.3665204805209,0.384536808923264,2.26020114099064e-05,0.00126856310922554
"ENSG00000288866.2",22.6865820218248,1.00588370914612,0.536246549521194,0.00320031487915722,0.0347998679750411
"ENSG00000178568.16",72.1161635876303,1.02556459687538,0.318051800523408,9.20494705678486e-05,0.00326302639046542
"ENSG00000115414.21",408225.446799278,-1.2390591540067,0.307345773447421,3.53138458650359e-06,0.00038860395906819
"ENSG00000115461.5",7321.12944093207,-1.15899618941714,0.357666624419595,7.38585149165869e-05,0.00280678004673479
"ENSG00000079308.21",417.71053488328,-2.10267203775675,0.430380579045578,4.8605938699563e-08,2.12645054257088e-05
"ENSG00000115568.16",859.847688840457,-1.2827414708899,0.430323218166329,0.000151434001952599,0.00454952960901725
"ENSG00000116106.12",94.3182061165357,1.34537837565023,0.350483359859077,7.71540565979187e-06,0.000608020990778345
"ENSG00000171951.5",23.5175696690025,1.92385114831316,0.499378155388946,6.43718162091432e-06,0.000555114070838173
"ENSG00000299331.1",41.6090301775133,1.56954726670246,0.357275121117849,6.90611867812236e-07,0.000136989424229432
"ENSG00000295561.1",28.6499237538944,1.23766308012358,0.441909277708257,0.000293933888736104,0.00711510413260391
"ENSG00000156966.8",808.096353375572,-1.38046693967636,0.284280769653212,7.33666910808964e-08,2.86082247373487e-05
"ENSG00000144481.17",158.967180142797,1.60578066985641,0.303239615392662,6.99316796093498e-09,3.91988917860283e-06
"ENSG00000178752.16",511.219348130106,-1.15041103595223,0.311696626614313,1.48493194125076e-05,0.000993851650381155
"ENSG00000142327.13",2049.30227675724,-1.23902682529858,0.319409654604072,6.61209120172281e-06,0.000564767047072867
"ENSG00000130294.18",53.1545873435116,-2.20285016253332,0.522118983535552,1.12343679006096e-06,0.000188327903769377
"ENSG00000144711.17",843.045661354564,-1.03229519748541,0.283701391453707,2.11277405709937e-05,0.001210761286332
"ENSG00000160796.18",1918.3453506192,-1.24658495824189,0.337337936347041,1.4402761749092e-05,0.000978569460202513
"ENSG00000076201.16",846.151730547737,-1.78217851152327,0.431762715018524,1.77373941940634e-06,0.000252504475919773
"ENSG00000114270.18",543.410578920044,-1.93330173088986,0.349221923915553,1.59661970115883e-09,1.30175307180391e-06
"ENSG00000164061.5",33.8733982313597,-1.34914642247617,0.605128083177383,0.00109190482712889,0.017075411407333
"ENSG00000001617.12",2328.48603866077,-1.09913828882173,0.268163648222469,3.40107485448327e-06,0.000384347474867967
"ENSG00000144749.14",849.436263491094,-1.11034135554644,0.314587292749324,2.69220634065338e-05,0.00144149567559103
"ENSG00000241305.1",62.9932518841155,1.16306224089183,0.384373303214193,0.000157335292006964,0.00464814897995266
"ENSG00000243089.3",73.0757796097944,1.16466998987582,0.283516194802247,2.89883068856585e-06,0.000356139219594559
"ENSG00000242759.10",85.6963720537144,1.07983766169579,0.36816543222178,0.000220377567527755,0.00595318136859237
"ENSG00000047457.14",9447.7931680132,1.23031694406362,0.274608722173445,5.45433084030951e-07,0.000113760851491432
"ENSG00000163762.7",725.970543775878,1.07260848065692,0.296635526529977,2.2012949006135e-05,0.00124951350102229
"ENSG00000079257.8",251.955504963242,1.3182758441228,0.340454987677163,6.52150825498487e-06,0.000559695184543845
"ENSG00000118849.10",505.346725038947,2.58847446973292,0.354759326883,1.5686492797897e-14,4.6894770219313e-11
"ENSG00000197099.9",21.5024378101224,1.28901540712911,0.465634840662593,0.000322042131716044,0.00754890718890215
"ENSG00000090512.12",57.6350945101342,1.04825207368243,0.325556108171005,9.5379607109492e-05,0.00335455688769208
"ENSG00000224855.5",30.832015905829,1.1932046959878,0.476665416383165,0.000675147845021946,0.012536363246541
"ENSG00000145113.22",103.246411802498,-1.01063198622991,0.357839849081088,0.000324819383520832,0.00759155964789716
"ENSG00000249631.8",98.4452082349906,1.0199411319034,0.270859871587005,1.3343800811346e-05,0.000918951181303847
"ENSG00000248515.3",201.904713260246,1.15218924181305,0.259759024686098,6.8386879605308e-07,0.000136989424229432
"ENSG00000109819.10",78.6822046523216,1.29596666989056,0.26124698829502,4.99710610146941e-08,2.13412124147754e-05
"ENSG00000124406.17",904.137839667812,1.15705054626967,0.277872499328694,2.26241397401141e-06,0.000302842682476438
"ENSG00000109182.12",38.7545250834254,-1.16980734797158,0.360731008021281,8.10308415780324e-05,0.00297838156841223
"ENSG00000248763.2",436.436780389394,1.00176500564412,0.248037516549565,4.61364467243426e-06,0.000472885397082591
"ENSG00000138669.11",59.36803175032,1.32137313320632,0.364062854360031,1.75371705375717e-05,0.0010753246394521
"ENSG00000118785.15",29017.8232558973,1.67572696652084,0.362973187287807,2.19947316329685e-07,6.686771208484e-05
"ENSG00000185477.6",89.9510625907896,1.35854728682788,0.305136205566013,5.31152980728869e-07,0.000113589634373162
"ENSG00000145335.17",21.0959318792362,1.00029838363714,0.485015279494084,0.00234234402474068,0.0284444097641911
"ENSG00000236699.9",80.6014608371842,1.00998520419495,0.297136733153394,5.31097616967365e-05,0.00227901864965159
"ENSG00000205403.15",354.94347693499,1.80882818183252,0.32880738261945,2.14255810728441e-09,1.64046354442373e-06
"ENSG00000249304.1",40.9673177358009,1.16544153786985,0.403210491479039,0.000246078817621797,0.00645120452048959
"ENSG00000164116.17",64.3296413734973,1.16010423476726,0.318786303556112,1.90617849008775e-05,0.00112102044513783
"ENSG00000061918.14",138.724393838406,1.44389161919073,0.334361417371764,9.55356976398143e-07,0.000169754785837944
"ENSG00000171509.16",686.33700082364,1.14616529400648,0.345567468399882,5.96715934610305e-05,0.00239900514561955
"ENSG00000153404.15",24.9877779385623,-1.09649026490294,0.538728899919747,0.0021127986102769,0.0267070251392085
"ENSG00000113504.21",7619.79094225675,-1.1166151803129,0.283941580951303,6.11870766319866e-06,0.000548756296773971
"ENSG00000189127.8",141.154358883611,1.25024257219882,0.258216670826264,9.15997650706758e-08,3.42296872098482e-05
"ENSG00000173930.9",81.5613758587453,1.25891608076385,0.339017019364958,1.28268333709881e-05,0.000895233113523008
"ENSG00000253159.3",83.5567583966251,-1.13981679260432,0.522173414433156,0.00140674744312834,0.0204479974776281
"ENSG00000240184.7",1115.11643701026,-1.18243340160306,0.4247531854397,0.0003088684768591,0.00737706240934976
"ENSG00000240764.4",38.2864930834863,-1.71773320378866,0.647591602792409,0.000318435611933479,0.00749577371555225
"ENSG00000120318.16",355.601427049319,-1.10670940710717,0.392967574185146,0.000294522537434462,0.0071197449514312
"ENSG00000113555.6",32.7624326621201,-1.14892027675482,0.415094143903981,0.000346543884672121,0.00797940649469042
"ENSG00000113657.13",1371.72640971692,-1.30995151504565,0.305190148355908,1.10081158867266e-06,0.000186276013830391
"ENSG00000214510.10",44.7352569284371,1.45378060576893,0.436989301058195,4.61117363046352e-05,0.00207294790500311
"ENSG00000070814.22",686.349396397506,-1.14852292935693,0.364658534461483,0.00010162881052954,0.00348549899515938
"ENSG00000019582.17",875.87734962606,-1.10036359297866,0.418652863767378,0.000498222983593294,0.0101350782496985
"ENSG00000171992.13",349.941931935485,-1.31320151138832,0.377869145884762,2.87211725315626e-05,0.00151521079911364
"ENSG00000113249.14",32.2454202328219,2.01496847601333,0.443226699906917,3.0412350272951e-07,8.26524737645338e-05
"ENSG00000172548.15",64.8778622334572,-1.08915878648447,0.367199503619871,0.000196847569555044,0.00546571958995173
"ENSG00000145934.17",42.4203464158296,-1.30598181582187,0.498040208650154,0.000433518687809354,0.00919151856174513
"ENSG00000184347.16",154.801251205812,-1.64339343232295,0.355933444906613,2.10812919088239e-07,6.6076974060969e-05
"ENSG00000094755.17",747.518409491668,1.18221163204632,0.285268013674376,2.55011477502802e-06,0.000326724347997697
"ENSG00000174705.13",3285.52610560051,-1.05930490173711,0.342208018469472,0.000130503105366792,0.00409953450256418
"ENSG00000113739.11",2146.03752056443,-1.07969656098311,0.307226509808139,3.08637832954154e-05,0.00157991729637811
"ENSG00000146083.13",457.683590028458,-1.64365577671613,0.399830456081134,2.00788528618435e-06,0.000275332002186188
"ENSG00000113763.12",172.594823625594,-1.33376315046394,0.305990698271331,8.0663799745343e-07,0.000152301744845496
"ENSG00000196923.14",906.559810008715,-1.29463747792352,0.367712396628328,2.48100486322314e-05,0.00135263781859068
"ENSG00000008083.14",785.520583588667,-1.0063127138597,0.39318053865622,0.000669706219568032,0.0124870275056048
"ENSG00000146049.2",62.8061505049771,1.06781402577234,0.327850803510033,7.90343305873502e-05,0.00293703808508498
"ENSG00000137337.16",318.702862264058,-1.14101719634606,0.345171648516039,6.07968292763227e-05,0.00242875885685835
"ENSG00000204540.11",107.22880610263,-1.30181307985412,0.323185335596792,3.50052209607135e-06,0.000387585585415011
"ENSG00000227507.3",77.943118064836,-2.27540258303335,0.362116447297618,1.93230923656983e-11,4.21183301095856e-08
"ENSG00000204469.13",4077.20973569554,-1.78218974218188,0.708279742975874,0.000406102297741088,0.00892643371343558
"ENSG00000204371.12",506.36084453394,-1.14413565556704,0.347302857484336,6.25554475949789e-05,0.00246605948024425
"ENSG00000168477.21",49.5035212301021,-1.32066759430928,0.452273846002213,0.000180812950129036,0.00514800299438814
"ENSG00000231925.14",4159.2482051418,-1.34235543177886,0.334468448479093,3.14957167848033e-06,0.000370447648429858
"ENSG00000096433.11",7287.83614415868,-1.53405968789918,0.418535730419986,1.27479213249489e-05,0.000895233113523008
"ENSG00000112033.14",1095.97106339654,-1.08781803438509,0.404401762060252,0.000424651986087038,0.00912213493945294
"ENSG00000137166.18",399.555200268204,-1.41221170493873,0.705382555699835,0.0015567325991191,0.0218490709158054
"ENSG00000188112.10",1674.83948593556,-1.47471213080841,0.414602417220531,1.93352202806968e-05,0.00112154050411591
"ENSG00000112659.14",787.785747561263,-1.09908574388524,0.331887831649549,6.18618471125718e-05,0.00244408799924714
"ENSG00000287562.1",75.0229882111729,-1.01084523962662,0.509904091211789,0.00248073415249092,0.0295268271355207
"ENSG00000170927.15",187.311849419886,1.15657439446523,0.246816640975567,2.13662512991927e-07,6.6076974060969e-05
"ENSG00000294688.1",208.060764880504,1.1049915092786,0.302040154007365,1.81300541198303e-05,0.00108762134029229
"ENSG00000207827.1",76.8654824128486,1.21492482649878,0.40669360606588,0.000162896894594263,0.00476652789288301
"ENSG00000223765.4",21.2375267700038,1.17806992829518,0.630639751544791,0.00271736552226154,0.0313046791090592
"ENSG00000220695.1",34.522437598647,1.17548223303332,0.49164635740612,0.00091579701425057,0.0152098620783449
"ENSG00000112769.20",177.674282448596,1.43569628585315,0.266416852482737,4.76085266365439e-09,3.04983622242746e-06
"ENSG00000297174.1",56.2514121501856,1.09933719372646,0.469930425174548,0.00107817146991001,0.0170089372522215
"ENSG00000227954.8",61.4968798309361,1.85336659415741,0.296741364946991,2.75728162392861e-11,4.94573604884075e-08
"ENSG00000296874.1",24.4734124793246,1.34217993554748,0.551981885524393,0.000740209738717361,0.0132904325158892
"ENSG00000220412.1",21.2214398277414,-1.01509279759816,0.653154494090316,0.005252975242519,0.0484457594920236
"ENSG00000164694.17",37.2436765925045,-1.61026936752016,0.576247710271691,0.000225883887982016,0.0060744817072465
"ENSG00000164850.16",37.4715619350754,-1.27992478374286,0.60898959279544,0.00149249583857288,0.0212465223211228
"ENSG00000273230.1",27.1960180076655,-1.83693052782733,0.577190501321016,6.58169708898915e-05,0.00256073415406262
"ENSG00000164880.16",2341.98081412166,-1.64585310944959,0.3953808657009,1.61973758332743e-06,0.000240109363902017
"ENSG00000176349.12",24.3232317820731,-2.28681656482256,0.713652653248794,5.60138533938835e-05,0.00233234411683735
"ENSG00000136295.16",1922.19574201222,-1.63095350696382,0.389868600985285,1.52626552609265e-06,0.000238057606448033
"ENSG00000164916.11",3888.45920898733,-1.26532963898707,0.367541073190307,3.31141945027661e-05,0.00165913214188859
"ENSG00000182095.15",2474.49280286743,-1.7127484367072,0.63228830012153,0.000275254754052416,0.006867634369335
"ENSG00000155034.21",608.421690999492,-1.40149435958566,0.387437579781516,1.61983980336668e-05,0.00103768094832101
"ENSG00000205903.7",518.287362358528,-1.17812839248938,0.402253125380718,0.000194119730279865,0.00542356012777248
"ENSG00000171243.8",34.4063186233904,1.67995950710542,0.4644636811271,1.51533660082059e-05,0.00101043095200442
"ENSG00000106541.12",804.979082245159,1.39528929528881,0.345016147910537,3.1366858055891e-06,0.000370447648429858
"ENSG00000289189.3",51.4575229427095,1.25951010993278,0.365495909220449,3.5314951399036e-05,0.00173072208536751
"ENSG00000236318.2",45.7285839518226,1.06511891517209,0.395655660276144,0.000455679505728596,0.00955967636754834
"ENSG00000236039.4",628.537840591686,1.17541620463521,0.202220632351193,4.81694432880354e-10,5.76010202838327e-07
"ENSG00000213860.4",37.5813948700789,1.06475592066387,0.680973492385498,0.00463145917404641,0.0444759214105591
"ENSG00000106624.11",92.1403540267258,-1.83862268355008,0.512121523077079,1.47627543859019e-05,0.000991758522171997
"ENSG00000122515.16",899.73349328354,-1.37133570369665,0.396359156857547,2.99903312260578e-05,0.00155856497585897
"ENSG00000136274.9",63.9430257308868,-1.81204120596608,0.898251186381031,0.0012312370279196,0.0185741787803145
"ENSG00000290831.2",41.1930397868719,1.0102872200079,0.489758055261994,0.00219115616724607,0.0274077881254483
"ENSG00000091073.20",877.787210579407,-1.32503400228828,0.28877210609883,2.84656144691145e-07,7.97793323019541e-05
"ENSG00000250614.2",27.7984265968029,-1.24383797943321,0.678277649733986,0.0025928569519591,0.030437221955033
"ENSG00000004799.8",574.461302990672,1.47894144102126,0.243329180050916,8.01113809112548e-11,1.30632530855016e-07
"ENSG00000106290.16",582.833017773706,-1.11843212565982,0.334905024937637,5.50873708390982e-05,0.00233042964797383
"ENSG00000197093.11",31.5957831416096,-1.29818105536962,0.420405745371238,0.000116622018927481,0.00380336209727678
"ENSG00000169871.13",1770.65598309258,-1.25202980745071,0.409506900814192,0.000121682830429242,0.00389059702211997
"ENSG00000106366.9",37813.9766264435,-1.46581766109822,0.202753684351903,3.2276400547371e-14,8.27059709454562e-11
"ENSG00000164675.11",27.1526379733864,1.06229776642878,0.475691329219625,0.00149516703731286,0.021251038944755
"ENSG00000128591.17",384.320587962631,-1.51671782821678,0.415704616642367,1.34992494714867e-05,0.000924183350267392
"ENSG00000279483.2",30.9462685036766,1.04185699354695,0.715824672904081,0.0055210472417804,0.049975408887195
"ENSG00000159840.16",2218.91696062489,-1.48787109470053,0.72226744707657,0.00131592013220559,0.0194589113036864
"ENSG00000133619.18",97.5952248823975,-1.21890065122022,0.36375881588912,4.84692300021728e-05,0.00212565422628111
"ENSG00000181444.13",138.516116473011,-1.02493581690171,0.397383774397925,0.000619202187599717,0.0118093681190941
"ENSG00000106538.10",599.861707315235,1.02251788798313,0.371179793114733,0.000399249361675418,0.00886303935689601
"ENSG00000168476.12",178.24168443211,-1.12798429849809,0.343292471836335,6.59391489409627e-05,0.00256073415406262
"ENSG00000120896.14",245.333509337067,-1.23681077827387,0.414529946652462,0.000156544452728422,0.0046412195844458
"ENSG00000183779.7",191.444951309658,-1.19636644369164,0.320633174259459,1.22425753948823e-05,0.000878380299432014
"ENSG00000178538.10",394.91173134743,-1.13521304647119,0.204234005270523,2.19496711078606e-09,1.64046354442373e-06
"ENSG00000178860.9",34.5542949604694,-1.17364215397346,0.402146126926734,0.000216487736892406,0.00586577120338231
"ENSG00000136960.13",23.4211460546678,1.33761013411021,0.511096704267184,0.000467359241247115,0.00971401331489043
"ENSG00000169436.18",988.622256132836,-2.11767270183108,0.267683344483693,1.32540246024202e-16,7.92458130978706e-13
"ENSG00000014164.7",406.326854213573,-1.59231271819658,0.368491851500793,8.26710106212347e-07,0.000154465616407613
"ENSG00000261150.3",304.960802607223,-1.54714550609563,0.34578886141064,4.20269422337008e-07,9.66458029289603e-05
"ENSG00000178209.17",21212.618726899,-1.86951694582564,0.660127750748272,0.000170226124926567,0.00493270759742785
"ENSG00000227473.1",21.8528231827436,-1.72987590446935,0.583418864947518,0.000143915918616193,0.00439764877720383
"ENSG00000185122.11",565.442079609307,-1.36277073049171,0.356783926347025,7.66651238942259e-06,0.000608020990778345
"ENSG00000147799.12",196.255803914926,-1.20733568413568,0.376500693346148,7.95106784823278e-05,0.00294305012635682
"ENSG00000137033.12",138.123639103456,1.40097493882491,0.434310227044211,6.71787450776392e-05,0.00260255972021083
"ENSG00000174038.13",23.2009224546405,-1.18468961739206,0.745075018731698,0.00411967875460061,0.04137952340121
"ENSG00000137076.22",14695.6655645987,-1.08504981602004,0.413117160914379,0.000524992793340863,0.0105458481954876
"ENSG00000137103.20",385.645600649832,-1.18289321014058,0.301895694000583,5.91876995958402e-06,0.00053890851149776
"ENSG00000234160.1",51.0342601837328,-1.13438455302918,0.382494741009534,0.000191408905449313,0.00537292885296453
"ENSG00000165092.13",3515.97808198238,1.52613856945977,0.320990304689083,1.19363424232041e-07,4.28204348090023e-05
"ENSG00000165238.17",154.106855623332,-1.33265721539546,0.532161360450235,0.000540565154891036,0.0106982522893109
"ENSG00000185920.19",313.240711736857,-1.0542311632104,0.343173833515934,0.000142553733380454,0.00437091677888068
"ENSG00000188152.13",94.6228121314285,-1.0058550988253,0.467176824312821,0.00175459388067871,0.0235569988306393
"ENSG00000157657.15",889.406588100095,-1.00457468181613,0.403813490619635,0.000829051533677102,0.0142838386828124
"ENSG00000106948.17",770.695404910314,-1.59125320034293,0.436019595005067,1.28857471372259e-05,0.000895859094575274
"ENSG00000095397.18",123.788986644679,-1.14631980147975,0.500206074855329,0.00108531061762196,0.0170483364925726
"ENSG00000136848.19",1509.69342436764,-1.25759966035111,0.318231541011714,4.83030579105771e-06,0.000481206277793854
"ENSG00000185585.20",201.849008368545,-1.26179488216545,0.260810426317538,8.81043492895156e-08,3.36239938980009e-05
"ENSG00000106991.15",449.111545581459,-1.47277819276459,0.394990192562953,1.00676057618204e-05,0.00075277228858435
"ENSG00000148337.22",870.315742731473,-1.25244807048171,0.342388681256266,1.5433725108721e-05,0.00101413866568636
"ENSG00000106976.22",491.822851973488,-1.08463343682782,0.351228237184024,0.000131626354112307,0.00412038728396589
"ENSG00000167110.19",758.806931810101,-1.06179459450342,0.337364255790493,0.000111002426021747,0.00369051600983943
"ENSG00000160445.11",991.67341134014,-1.0230415874581,0.296729083149313,4.19006167427914e-05,0.00194204486438101
"ENSG00000097007.20",2220.57193192882,-1.17336973161443,0.381481711652616,0.000121363164220669,0.00388730549397524
"ENSG00000288701.1",3092.84487134003,-1.50609146910179,0.423020050636532,1.87796850539814e-05,0.00111441569625944
"ENSG00000186350.12",702.364674901833,-1.0785309233252,0.274243709082602,6.11684769864094e-06,0.000548756296773971
"ENSG00000130635.17",45.8211318121501,-1.76514128298044,0.442928349788986,3.48657964759159e-06,0.000387585585415011
"ENSG00000148400.13",1385.63862491573,-1.74740226106713,0.394194701826375,4.66748385610515e-07,0.000103358836946862
"ENSG00000107331.18",862.094385687537,-1.34100142027566,0.397396715185893,3.79076857820022e-05,0.00179406374636352
"ENSG00000054179.12",42.3638630104376,-1.19064341175026,0.583283975420458,0.00178819618586249,0.0238609942249593
"ENSG00000212864.4",44.8989108844827,-2.03244621941713,0.57477251345311,1.75286754930994e-05,0.0010753246394521
"ENSG00000107485.18",29.1139545064575,-1.08870849578585,0.427215904230477,0.000668925861959106,0.0124870275056048
"ENSG00000128805.15",731.24523097558,-1.00381343703062,0.219799548654958,4.19464873950664e-07,9.66458029289603e-05
"ENSG00000248682.2",31.3035882467175,-1.56800682362212,0.71918451203337,0.00109044856474343,0.0170743680613309
"ENSG00000301981.1",51.9578212483149,1.384479594656,0.357959967526222,6.80505148996533e-06,0.000574922423261017
"ENSG00000156515.25",1177.49360755232,-1.07128260451896,0.437336679490351,0.000803215211492491,0.0140394270808694
"ENSG00000107731.12",786.854235614149,-1.06866719212156,0.232759935819335,3.42214924881136e-07,8.8220358781387e-05
"ENSG00000235316.1",43.8809542205735,-1.10800852960848,0.463191936223301,0.000930778228511219,0.0153028130933141
"ENSG00000279088.3",90.2763734368629,1.0945703355968,0.302108119664964,2.13129709144116e-05,0.00121748649455987
"ENSG00000151208.17",2211.25088265025,-1.24747539348427,0.331134828713587,1.01571906567309e-05,0.000755973148588311
"ENSG00000108175.19",1503.08013630085,-1.35805241372298,0.346211943014272,5.08815912041815e-06,0.000493331406178056
"ENSG00000184923.12",63.8412565742268,-1.05566215032917,0.450173316794863,0.00108255416585444,0.0170480896162696
"ENSG00000075891.24",377.977004975074,-1.35291721449377,0.483579348539658,0.000247722423630448,0.00645340976581381
"ENSG00000148840.11",999.386373683455,-1.24990979930428,0.414017248571126,0.000137202418349301,0.00425043139539105
"ENSG00000077150.21",1584.21764991488,-1.42048948171566,0.309787166402393,2.67427105909043e-07,7.86367212900082e-05
"ENSG00000171206.17",1548.28776217537,-1.30721973870628,0.303508621875974,1.04943309293435e-06,0.000179396537441585
"ENSG00000228261.2",30.6061788483725,-1.05367754883697,0.550786316413827,0.00274698843079777,0.03156485040565
"ENSG00000148702.15",62.0558750905702,1.94099289866421,0.358009333242893,3.43778429046957e-09,2.37167449300587e-06
"ENSG00000198873.12",105.266434920085,-1.50816370601289,0.375160988099283,3.18051724693082e-06,0.000370447648429858
"ENSG00000187908.20",1399.77286333097,-1.19192889852738,0.258334604489382,2.80012207052151e-07,7.97793323019541e-05
"ENSG00000307215.1",56.5999002843369,-1.1239668624337,0.417808886819873,0.000417381512368616,0.00902027647683698
"ENSG00000203772.8",24.8316313298229,-1.31916531516256,0.635713500168748,0.001563623180463,0.0218974841662328
"ENSG00000070047.13",906.003988078629,-1.09946465533368,0.33210763998244,6.16429774120187e-05,0.00244081696653285
"ENSG00000099834.19",22.3282555784883,-1.79270236129936,0.853545984956708,0.00115604630574404,0.0178144352114525
"ENSG00000177542.11",442.519355100321,-1.44170315761446,0.343966042849483,1.58274740474339e-06,0.000240109363902017
"ENSG00000254872.4",28.938278222957,1.24239211065679,0.444934310619543,0.000299334844090162,0.00720693838717481
"ENSG00000184545.11",355.616012438972,-1.45312078218715,0.371795476522722,5.08758681664584e-06,0.000493331406178056
"ENSG00000053918.20",110.263845527732,-1.14826576433934,0.329648282014318,3.24849539783359e-05,0.0016506589787802
"ENSG00000166444.19",629.654820502011,-1.6104250863381,0.416806831504334,5.64476826909312e-06,0.000530105803365043
"ENSG00000166833.23",1137.37476196201,-1.09378501900577,0.414346824965379,0.000482896102613555,0.00988779382714537
"ENSG00000157570.12",258.35053106925,-1.44910301985599,0.404588129667085,1.79309748245851e-05,0.00107928823969323
"ENSG00000175274.19",543.575834317843,-1.03420436788126,0.34318282179361,0.000174541299879286,0.00500307002518296
"ENSG00000134569.10",237.641171942593,-1.43481746037112,0.39765072391056,1.65074409814032e-05,0.00104577046251424
"ENSG00000149115.14",4942.16431620555,-1.24011056838797,0.328064661280032,9.59463836694557e-06,0.00072615623792364
"ENSG00000134827.8",256.962341607569,1.29976035509416,0.342046056299261,8.86960542057888e-06,0.000685750484607428
"ENSG00000006118.15",3853.61041837571,-1.27842811491408,0.28154010150535,3.95915108703677e-07,9.46870573975714e-05
"ENSG00000110446.12",53.0671850582685,-1.720323854069,0.428221582055775,3.04214306553765e-06,0.000366220940715093
"ENSG00000279549.1",23.0680205051621,-1.8715706317081,0.627733504968932,0.000133376301064619,0.00415893249109372
"ENSG00000011347.10",74.6329237373113,-1.4417948478953,0.334655920523742,9.88942965852444e-07,0.000173908529200934
"ENSG00000134780.10",184.82977525896,-1.29236419249567,0.350475071998359,1.33715927033676e-05,0.000918951181303847
"ENSG00000133321.12",1612.57859343439,1.11294196488299,0.327698672822622,4.76622322336552e-05,0.00211090730759278
"ENSG00000072518.23",1296.19896070179,-1.1820028877195,0.35899225152141,6.05122813185198e-05,0.00242278747770154
"ENSG00000126500.5",22.3011303648831,-1.5217949141914,0.557939307568975,0.000310975738958175,0.00740011899965446
"ENSG00000171219.9",855.29308203098,-1.20650817484535,0.34626543310683,3.03984475374459e-05,0.00156683032608956
"ENSG00000110046.14",853.138346840454,-1.53550536269848,0.382571824329073,3.1787100711765e-06,0.000370447648429858
"ENSG00000197136.5",1726.25648104751,-1.22376087919713,0.352586325185417,3.14566794783662e-05,0.00160295016989618
"ENSG00000175115.13",1375.74057951991,-1.06479390907196,0.414233920337863,0.000595015115462437,0.0114884673046822
"ENSG00000174996.12",309.152957103139,-1.27138066884104,0.359695256662027,2.40945221108536e-05,0.00132979520954579
"ENSG00000173898.16",1821.53100190525,-1.2003101915983,0.295188387946417,3.16162130191344e-06,0.000370447648429858
"ENSG00000162337.12",2153.45102203786,-1.04221217868396,0.301368284491292,3.95543737070341e-05,0.00185729529105516
"ENSG00000137497.19",1287.69053469044,-1.33950419760871,0.350117993649104,7.52036315057224e-06,0.000604326268957492
"ENSG00000186642.16",112.377575359671,-1.08485744556267,0.251966987251915,1.28301459210201e-06,0.000209213024895761
"ENSG00000137491.15",3427.07043212916,-1.68259885287765,0.173960328959649,2.47570825915328e-23,4.44067790444324e-19
"ENSG00000295708.1",30.3433244411067,-1.13768254524094,0.568837728897093,0.0021106118726441,0.0266981982789967
"ENSG00000137501.18",533.566133494855,1.21929804354366,0.232121023695912,1.11865230988928e-08,5.97569009581217e-06
"ENSG00000077616.11",121.837172892118,1.16980271809652,0.298581645014597,6.35458067041372e-06,0.000555114070838173
"ENSG00000166670.10",763.409514094816,-1.08236323113334,0.352571354880854,0.000140258248015135,0.00432270136537368
"ENSG00000149577.17",313.433560164136,-1.03445702165735,0.308802021019486,5.82371360151983e-05,0.00236334730476157
"ENSG00000019144.20",459.903926918429,-1.24648888675117,0.331819382021609,1.06486433054904e-05,0.00077961108151258
"ENSG00000186174.13",1367.95891996806,-1.79166686957354,0.681537586338465,0.000307372546709898,0.00736093640899259
"ENSG00000110400.11",879.220644726119,-1.5265928847299,0.427314484664328,1.77498441013027e-05,0.00107632516566164
"ENSG00000182667.15",268.509937585326,-1.78014524329447,0.21452425475158,6.30087164909882e-18,5.65093673849428e-14
"ENSG00000111206.13",359.269745064599,-1.08773893874624,0.381870205893004,0.000272149286564083,0.00682733112321672
"ENSG00000250899.3",62.040880541309,-1.77984571889585,0.426860321254774,1.5530070811969e-06,0.000240109363902017
"ENSG00000111321.11",1199.51738620335,-1.22524200995843,0.364448886055512,4.5303743792098e-05,0.00205430506838511
"ENSG00000111676.15",778.288525038987,-1.54871308201128,0.889967127226164,0.00222044357653745,0.0274506058106479
"ENSG00000180861.9",471.280545985167,1.15399024742171,0.273972616655223,1.86641705738852e-06,0.000261718130914726
"ENSG00000118308.16",28.0678349282452,1.01772121023529,0.519571815281984,0.00269915164884256,0.0311438852743267
"ENSG00000061273.18",1975.37975639104,-1.35556012917932,0.368667811956345,1.33021789005118e-05,0.000918951181303847
"ENSG00000167548.18",2555.21303028279,-1.61610161940984,0.715837114712147,0.000813458546045583,0.0141522851022499
"ENSG00000167566.17",446.411877749886,-1.26065605993649,0.368464669336325,3.64192773845587e-05,0.00176078862115048
"ENSG00000111077.18",339.550979831923,-1.17457851262129,0.355052184938632,5.79782364878936e-05,0.00236334730476157
"ENSG00000135476.12",253.250193230764,-1.08094164461209,0.27346724354946,5.70564448169136e-06,0.000530843120566105
"ENSG00000161642.18",127.832673988273,-1.65151158677418,0.479995536966389,2.71895847995429e-05,0.00144717977017626
"ENSG00000170439.8",32.0181038028835,1.44486586505273,0.421807823901303,3.37419259640773e-05,0.00166983371736042
"ENSG00000123384.14",5228.21238290647,-1.51411208623971,0.688759349817054,0.00086454488297963,0.0146849825435659
"ENSG00000166987.15",304.150720413734,-1.48505365361144,0.976941904055097,0.0030948906869423,0.0340989276730246
"ENSG00000118596.12",923.690789270622,1.00772519264924,0.245712878987915,3.47538595994741e-06,0.000387585585415011
"ENSG00000258077.3",262.528260585245,1.25236284516947,0.216681235065882,5.54946381688722e-10,6.22129578021913e-07
"ENSG00000049130.16",1156.75363273713,1.08912875506726,0.351205020138685,0.000129521918931373,0.00407585028047727
"ENSG00000274021.1",25.350363971119,1.05491762387164,0.689098563984315,0.00502309676140186,0.0470768719562269
"ENSG00000255794.13",246.768835757358,1.02006474787862,0.317526943124801,9.76613536098089e-05,0.00339486763507586
"ENSG00000012504.15",49.0063450835098,1.16625699192317,0.404839356088532,0.000240122466952471,0.00637141522148887
"ENSG00000076555.16",41.7600153363342,-1.08507980674052,0.466758555277148,0.00112592177529743,0.0174466465859245
"ENSG00000111331.14",2517.10576772037,-1.49210787197406,0.326703519675026,2.83746586440955e-07,7.97793323019541e-05
"ENSG00000186815.13",5385.0443501193,-1.34734540764404,0.371389520690348,1.65578865670984e-05,0.00104577046251424
"ENSG00000151176.8",1081.89514290872,-1.27902455306556,0.401400663083879,8.06775180973017e-05,0.00297298607403945
"ENSG00000240342.3",2371.09155749891,1.04564877535292,0.409577855974803,0.000704748025808218,0.0128727752942179
"ENSG00000089154.11",6019.13565250917,-1.11097045120628,0.331228651420348,5.77231235612165e-05,0.00236334730476157
"ENSG00000089159.17",1803.56692953744,-1.16431778506584,0.358955079804639,7.40165057643447e-05,0.002806837344387
"ENSG00000202538.2",27.3306376490976,1.17485197613547,0.55701483714567,0.00169859479597547,0.0230821210584561
"ENSG00000139718.12",461.950565721132,-1.22171471185341,0.416345584189109,0.000184731068213311,0.00523297759226944
"ENSG00000175727.15",2094.69241329215,-1.23908400388493,0.382222946015729,6.95129413969325e-05,0.00268140565556296
"ENSG00000090975.14",271.224349080099,-1.03167033233177,0.379399591688803,0.000420403875831117,0.00906087921463659
"ENSG00000278861.1",21.1812974393167,1.04437770153119,0.548904723005037,0.002986781244256,0.0333700392646386
"ENSG00000196498.15",1269.09477021275,-1.72107800630734,0.658190984123403,0.000329380901181283,0.00768284164432857
"ENSG00000177169.10",424.428185031609,-1.44996439764728,0.331500766283578,7.02627364057969e-07,0.000136989424229432
"ENSG00000112787.14",361.551943523203,-1.37764769587555,0.425824165814634,6.31753883607711e-05,0.00248503715137533
"ENSG00000280287.1",30.7674335318615,-1.07047086332001,0.585720416097761,0.00306626823025551,0.0339085408422275
"ENSG00000075673.12",490.738052044376,-1.01725149902625,0.27693270102075,1.88252191540731e-05,0.00111441569625944
"ENSG00000132965.10",26.7533316345806,-1.68810358358494,0.466625439359942,1.78196634143845e-05,0.00107632516566164
"ENSG00000136155.17",17159.7144402031,1.11582151904768,0.284314913801742,6.39450758281114e-06,0.000555114070838173
"ENSG00000206800.1",27.8187631306301,1.1185993558662,0.633436700354207,0.00337724787373238,0.0360581518518677
"ENSG00000134871.20",14615.4148011844,-1.40218846273608,0.331265657409449,1.43488305749259e-06,0.000227765463736678
"ENSG00000197324.9",5568.74527016297,-1.2317106353441,0.292783381152882,1.6962195494926e-06,0.000245363629510071
"ENSG00000136367.15",110.821892510228,-1.74399943848951,0.894938548748384,0.00142822669363851,0.0206647725262354
"ENSG00000205978.6",227.380603556395,-1.29818513011316,0.374670773224163,3.02927077025405e-05,0.00156587982149991
"ENSG00000139973.18",39.4505999797574,1.24469701232142,0.461554027605398,0.000380888880872711,0.0085802720027775
"ENSG00000119681.12",6081.56950661591,-1.21275756150807,0.383032614501609,9.60508361041391e-05,0.0033629666261859
"ENSG00000119669.5",853.579338329484,-1.18032810468088,0.260327048439114,4.1395687874688e-07,9.66458029289603e-05
"ENSG00000119714.11",114.326619230057,-1.00684818711232,0.30681190813481,7.7170792341993e-05,0.00289797650475166
"ENSG00000015133.20",705.680626513051,-1.24762870006918,0.378830601186325,5.73361397856112e-05,0.00235340581083412
"ENSG00000100599.16",243.583437216368,-1.47630431305807,0.49710853325011,0.000138773788960462,0.00428431231081549
"ENSG00000203485.14",2834.82865921681,-1.14811200291906,0.328439068820143,2.9495573266714e-05,0.0015469651979095
"ENSG00000099814.17",1845.73839447598,-1.42595634824123,0.34907639940979,2.41635720959077e-06,0.00031869264167963
"ENSG00000259721.1",32.1332626078817,-1.00920812054471,0.402207354526962,0.00082740902539976,0.0142714879838149
"ENSG00000166923.12",2656.33636078669,-1.11873195272944,0.263865230733512,1.66834990993641e-06,0.000244264611822078
"ENSG00000104081.14",98.4891488999538,-1.33930554669396,0.304175915604582,6.86126868720179e-07,0.000136989424229432
"ENSG00000103932.12",568.109681529705,-1.23101595277786,0.336337111467621,1.54025237100714e-05,0.00101413866568636
"ENSG00000166963.13",29.1285866580798,-1.07801804301445,0.685123845942097,0.00450527109506127,0.0437289218788496
"ENSG00000259354.6",26.5747595636016,-1.28757724141576,0.525188600847853,0.00074284977913051,0.013311185302961
"ENSG00000185634.12",51.5029883116699,1.34478024875502,0.38943577727168,3.2981563859431e-05,0.0016571157169373
"ENSG00000275580.1",22.5202418226387,1.21138735909917,0.472474046569021,0.00059954868088422,0.0115058760908003
"ENSG00000166415.15",54.1180790488317,1.00460149628166,0.390994348494065,0.000687556186186832,0.0126101179055554
"ENSG00000103742.12",1672.41515773369,-1.35737929354297,0.267110927083095,2.39893549073337e-08,1.16296502425093e-05
"ENSG00000140332.18",1015.92655599978,-1.14132285861137,0.342465004870801,5.49446737052463e-05,0.00232988797222459
"ENSG00000278570.5",21.5758062136856,-1.03411981160633,0.597483160518182,0.00396352415058451,0.0402641494901143
"ENSG00000103855.18",1032.2000152705,-1.2231368794276,0.34655104733237,2.63808342457057e-05,0.0014167455804348
"ENSG00000140464.20",2558.34321866153,-1.8803152314979,0.399844494247839,1.27149346014792e-07,4.47191729307317e-05
"ENSG00000287543.1",44.9134053844988,-1.77005035353731,0.563525851480119,7.51907522137131e-05,0.00284535131320121
"ENSG00000103653.17",667.972796630648,-1.03478073403406,0.307132464632915,5.42928393934586e-05,0.00231318446603437
"ENSG00000167173.19",203.602821693348,-2.11430673044864,0.401848321038479,6.96518394459127e-09,3.91988917860283e-06
"ENSG00000173546.7",67.811392659877,-1.49519504895556,0.521147148653767,0.000185944659936153,0.00525242419728311
"ENSG00000136378.15",283.555233240296,-1.71532648128479,0.308505662609791,1.48679332292074e-09,1.26993389682045e-06
"ENSG00000103811.18",723.591992892676,1.24795682139714,0.326071852359722,8.41187453120746e-06,0.000658881194175843
"ENSG00000136383.7",1872.24192558208,-1.22704723193326,0.318279557278556,7.3367834252679e-06,0.000598181292268319
"ENSG00000140519.14",41.7011421372466,-1.13651489755539,0.371952534914045,0.00014785284876042,0.00446470799362904
"ENSG00000185033.15",4337.21509420846,-1.18330121079583,0.376099419129622,0.000104173056797759,0.00353306103348874
"ENSG00000182175.15",58.2372673081138,-1.47373694801621,0.395352480429781,1.0576874195087e-05,0.000777530296874076
"ENSG00000154237.13",727.569380871254,-1.02777145022955,0.307221814683203,5.97845403407447e-05,0.00239900514561955
"ENSG00000103148.17",578.495400166193,-1.43014868321189,0.440011579976896,5.81862487697669e-05,0.00236334730476157
"ENSG00000167930.17",1639.46439154765,-1.12926551712612,0.334641439059767,4.80280775677563e-05,0.00211665756101436
"ENSG00000261659.2",28.028175039076,-1.02435866342126,0.501134979921182,0.00222118730643644,0.0274506058106479
"ENSG00000127585.13",66.038204932449,-1.55084802022657,0.436694788776652,1.93692292818389e-05,0.00112154050411591
"ENSG00000138834.15",999.980176093051,-1.09528705033468,0.392020266128534,0.00031222293247116,0.00740011899965446
"ENSG00000103197.20",1438.12117599559,-1.31945262352187,0.331021592958885,4.05726798374518e-06,0.00042558605745285
"ENSG00000008710.20",1343.96590161627,-1.30771834505508,0.337654048965615,6.4236742755204e-06,0.000555114070838173
"ENSG00000167972.14",267.892970428082,-1.41194651089865,0.325885527628534,8.63611267605372e-07,0.000158067299051404
"ENSG00000185883.12",146.752398991306,-1.06081273436794,0.375864117353135,0.000306187833635102,0.00734236787688879
"ENSG00000290728.2",41.353639703632,-1.91405454524885,0.684963530252305,0.000195614406687761,0.00544195694052991
"ENSG00000085644.15",284.793991365337,-1.08316991635764,0.336233425289866,8.51786214446425e-05,0.00309281160496468
"ENSG00000188827.12",367.112585081084,-1.06411226980836,0.353814884473081,0.000173112920453039,0.0049841516118237
"ENSG00000162104.10",1566.95088946792,-1.07582080214829,0.37270039978281,0.000244352273334572,0.00642738481347604
"ENSG00000126603.9",386.443578137532,-1.20746455179546,0.384516563044404,9.90328832198002e-05,0.00342679159188024
"ENSG00000168140.5",760.677675972214,-1.2872942260964,0.378857402898307,3.82857157001892e-05,0.00180244326119237
"ENSG00000102858.13",1615.06865104085,-1.49880836506589,0.426842806459656,2.26314431037617e-05,0.00126856310922554
"ENSG00000133392.19",38.9102699377925,-1.34004884493338,0.551170905598647,0.000679187723037888,0.0125730990602334
"ENSG00000227827.3",622.719880386936,-1.23278076794176,0.304369039906344,3.29612049042206e-06,0.000381435569269035
"ENSG00000103489.12",92.3219679762527,-1.35311269076777,0.369816934836879,1.46091418157638e-05,0.000986166603938893
"ENSG00000005187.12",93.6087136475173,1.3770962375667,0.306427396088094,4.4958544709172e-07,0.000100802677056052
"ENSG00000166851.15",220.847676894112,-1.11403647733087,0.279740965858732,4.88261930972188e-06,0.000481206277793854
"ENSG00000188322.8",59.5377599627393,-1.79505786661908,0.381263347824152,1.38864631750238e-07,4.69965075415853e-05
"ENSG00000168488.19",1500.26572724061,-1.31815114592217,0.68287699309932,0.00191160590759532,0.0250331391416445
"ENSG00000261740.7",73.5100707579626,1.01158254605147,0.474360472059794,0.00187611681292096,0.0247258686799142
"ENSG00000174938.15",491.077130628747,-1.8965912452647,0.718558697571332,0.000288999399349469,0.00705819084074583
"ENSG00000156860.16",833.058593871921,-1.26332264449171,0.357593026667954,2.47501820218958e-05,0.00135263781859068
"ENSG00000102870.6",918.341033695473,-1.15587970895491,0.406479746388245,0.000255712538543051,0.00655245114835243
"ENSG00000099381.20",258.85621920168,-1.39112381736095,0.45797386568683,0.00011969871063425,0.00384773435958161
"ENSG00000052344.16",1419.57215594726,-1.00074234366058,0.316748617332307,0.000115228719920979,0.00376797466658358
"ENSG00000140682.19",436.692478496227,-1.02543961900206,0.306329935241315,5.9313027950492e-05,0.00239078153336624
"ENSG00000169715.15",15796.2678267169,1.13284284128553,0.345710030891399,8.56924668542883e-05,0.00309892293944631
"ENSG00000198417.7",267.679983095031,1.51868069095321,0.341327038148329,4.96792452387481e-07,0.000108670319737491
"ENSG00000125144.14",39.9504445988825,2.80082883405399,0.517726370066123,3.28185558245228e-09,2.35466574329786e-06
"ENSG00000102962.5",24.9656226482437,-1.3027571051758,0.572741153269608,0.00108360725901431,0.0170483364925726
"ENSG00000006210.7",1144.87685128902,-1.55965410782884,0.315297824269863,3.98758729836536e-08,1.78813383426949e-05
"ENSG00000205336.14",1207.07211954888,-1.76028266947419,0.423054609339109,1.57827245536309e-06,0.000240109363902017
"ENSG00000070729.14",74.4708483617435,-1.25130498533184,0.29458806003557,1.50805281233308e-06,0.000237280204340513
"ENSG00000102996.5",2547.6010996263,-1.07323687526498,0.258922868583232,2.51841754070073e-06,0.000324984571421216
"ENSG00000103034.15",530.829134509108,-1.20212385305184,0.24474850648394,6.40786262712323e-08,2.6122234532434e-05
"ENSG00000166546.15",209.598006053112,-1.32642301366897,0.319527377992698,2.01084307779398e-06,0.000275332002186188
"ENSG00000039523.20",744.315767409065,-1.6332466793194,0.417601380235272,4.80033518852361e-06,0.000481025766908089
"ENSG00000103043.15",647.726174391166,-1.39373985100132,0.385764647209775,1.67308533000151e-05,0.00104930529944885
"ENSG00000280152.1",77.3404829889362,-1.01510407881696,0.502800564781488,0.0022949829266636,0.0280416272176873
"ENSG00000153815.18",1639.20128712914,-1.16271302669211,0.439049192410325,0.000439314625002195,0.00929243682625515
"ENSG00000297593.1",62.8258357747333,-2.05374090334264,0.585623594218218,1.92253928252299e-05,0.00112154050411591
"ENSG00000176692.8",36.9224440902682,-1.66957852663079,0.461748944912849,1.54351260373739e-05,0.00101413866568636
"ENSG00000103257.11",14730.6481282612,-1.25061592957666,0.331073237376516,1.25173763775936e-05,0.00089096896859086
"ENSG00000225614.4",30.7999801640682,-2.14270147805178,0.582706516627305,1.0319274929434e-05,0.000764862952104374
"ENSG00000179588.9",116.830869502929,-1.15577761523356,0.431056290595445,0.000408275239598678,0.00893326747742276
"ENSG00000158545.16",248.145497237245,-1.37605553041347,0.38082583386747,1.67108210285039e-05,0.00104930529944885
"ENSG00000124391.5",28.3022874836787,-1.09060849336483,0.491627191525026,0.00145426132706642,0.020968718186166
"ENSG00000103335.22",2425.54481850997,-1.8877137507679,0.380220020441776,3.61913069181079e-08,1.66452172356436e-05
"ENSG00000167522.18",2811.69610504064,-1.14544340602589,0.356524110740254,8.20079082989827e-05,0.00299587749726854
"ENSG00000272636.5",53.8756468496872,-1.23963132411026,0.426421624093774,0.000200960898323329,0.005571307006531
"ENSG00000167716.19",681.857828670703,-1.05132630212039,0.313323592872816,5.60017039305897e-05,0.00233234411683735
"ENSG00000070444.15",282.668337491155,-1.21512682607829,0.332211394088545,1.60488642494528e-05,0.00103768094832101
"ENSG00000132359.17",411.685128971434,-1.15656416946033,0.2940388950084,5.71180923617429e-06,0.000530843120566105
"ENSG00000213977.8",40.1779031828133,1.75388036971153,0.52772795182186,4.25843095237718e-05,0.00196358550109999
"ENSG00000141456.16",551.995101544905,-1.49427656407627,0.376177399839047,3.86481999448976e-06,0.00041263854905454
"ENSG00000141503.17",1485.33702315192,-1.4792594004636,0.377271223606124,4.9735502106368e-06,0.000487489454252416
"ENSG00000108509.21",562.333874606986,-1.4440627460264,0.401195857534707,1.69086149121531e-05,0.00105308967249754
"ENSG00000091592.17",272.043622110155,-1.35133644673114,0.288509096089435,1.77041969283385e-07,5.67071750542158e-05
"ENSG00000169992.10",475.736923081215,-1.61487367630872,0.472669732923767,2.98213656158442e-05,0.00155495882282383
"ENSG00000181222.19",2021.03253404973,-1.12128735737879,0.43443613429965,0.000553595060610525,0.0108760510429036
"ENSG00000132510.11",599.94626279044,-1.6261052478075,0.730078963202346,0.000869862496899575,0.0147334500537183
"ENSG00000179094.17",1664.68380073961,-1.61887718018737,0.360233429652423,3.61986169706288e-07,9.01857031247642e-05
"ENSG00000263648.1",22.8967744284726,1.11558982360476,0.45222077211824,0.000840201271943293,0.0143941644840944
"ENSG00000108557.20",1756.90618602441,-1.45823646733504,0.403538212540544,1.68485016870313e-05,0.00105300200264906
"ENSG00000237328.2",45.77529191188,-1.34455730674903,0.680227474651093,0.00178075340098127,0.0237835992207007
"ENSG00000072310.18",2200.20846300495,-1.09385799733673,0.329108650601893,5.91248732891948e-05,0.00238856498240605
"ENSG00000175662.19",1348.18045964623,-1.02963441539568,0.351403280095683,0.00025139356122934,0.00650353269801617
"ENSG00000197815.4",56.9778804810146,-1.08289995018101,0.71578638968914,0.00466707427040599,0.0446709237931015
"ENSG00000262202.5",37.4887078797122,1.28489085817272,0.487645439123053,0.000438723234895324,0.00929088390120121
"ENSG00000274180.1",249.474340802085,-1.19039363046761,0.420794446129638,0.000268818809642196,0.00678172009641642
"ENSG00000007171.19",44.724756769032,-2.39876322484911,0.462455996407835,1.19455972438223e-08,6.12194793606971e-06
"ENSG00000196535.20",1060.32159379555,-1.19286585109271,0.413152431913717,0.00021569958753062,0.0058532579448362
"ENSG00000108262.16",1122.47685087463,-1.02622261909377,0.287075467102228,2.62111988329845e-05,0.00141186268308481
"ENSG00000198720.13",103.088143502946,-1.76135889792773,0.491838010430097,1.57116646813178e-05,0.00102544743158209
"ENSG00000266877.1",34.296365077102,-1.52036673094328,0.6013786540241,0.000486107450523999,0.00994219993164078
"ENSG00000275832.5",641.060087940959,-1.04750810645022,0.360306102035671,0.000239777025463418,0.00637141522148887
"ENSG00000108342.13",987.049020492251,-1.11115940851706,0.195109525064492,9.85131627945439e-10,9.8168366724763e-07
"ENSG00000126368.6",283.538814304935,-1.89203159421139,0.458566721466123,1.72617263373938e-06,0.000247698868251066
"ENSG00000131759.18",188.440251913932,-1.72869440374197,0.450038324864573,5.86349760461594e-06,0.000536599778234674
"ENSG00000131746.13",3865.75162798863,-1.17971607238658,0.448161235176548,0.000446093928516833,0.0094025696777984
"ENSG00000173801.17",15038.9102221188,-1.38718421480867,0.361359854756052,6.97246147965332e-06,0.000576336597053187
"ENSG00000177469.13",2106.38057530715,-1.10608281983027,0.413517463818934,0.000433426162322255,0.00919151856174513
"ENSG00000108797.12",171.656694599261,-1.47658712737657,0.436128035574346,3.58694289503099e-05,0.00174929415463335
"ENSG00000126562.17",165.155999331367,-1.37352275475268,0.380851647914038,1.72036456312793e-05,0.00106775706466525
"ENSG00000030582.19",4785.69705646143,-1.45724010762704,0.356425203807786,2.43485921527044e-06,0.00031870471649702
"ENSG00000161692.18",96.785152672316,-1.0805318827762,0.37518178876139,0.000252470355386442,0.00650655282265318
"ENSG00000186185.14",155.896879034643,-1.0393502756877,0.325029908851062,9.96145162812114e-05,0.0034295308609138
"ENSG00000184922.15",266.996520729113,-1.6045341159533,0.402020075931429,3.33015072312737e-06,0.000382903291799587
"ENSG00000184361.13",22.5647426035002,-1.07388387910338,0.564430886308431,0.00280850501107454,0.0320458997351425
"ENSG00000262539.1",63.3145222356539,-1.04547664153743,0.535971800288824,0.00249946411072546,0.0296876132712729
"ENSG00000167182.16",183.702152231026,-1.20974951114458,0.856124299974725,0.00444066059770658,0.0432421982307616
"ENSG00000064300.9",24.0833356653638,1.06472715081108,0.670719848620899,0.00444938069638466,0.0433031078287779
"ENSG00000108821.14",111.571999480674,-2.29415702780959,0.524383647006773,5.31946774117501e-07,0.000113589634373162
"ENSG00000011028.14",1212.73803020243,-1.78043305654381,0.33100516971489,4.01461081606953e-09,2.66703978547553e-06
"ENSG00000154262.13",27.4155567640601,2.02261622583799,0.491279530095426,2.32122982624185e-06,0.000308414069580001
"ENSG00000069188.17",124.116240969647,-1.49406722608254,0.514709217616913,0.000171418496113919,0.00495924768515381
"ENSG00000109066.14",328.240879420504,-1.18415560725348,0.334055206654502,2.48879781492044e-05,0.00135277473958267
"ENSG00000167861.16",297.797782298018,-1.19286834039772,0.28645498306517,2.11168907636091e-06,0.000284792232802147
"ENSG00000177728.17",938.877734511625,-1.24387767204289,0.379895861451631,6.09569980047163e-05,0.00242974594046799
"ENSG00000177303.10",326.008027376308,-1.18703561775201,0.381153174344748,0.000108762716665814,0.00363706178805353
"ENSG00000132470.14",5349.37779007053,-1.261736973268,0.401344549885192,9.34415480427249e-05,0.00329933277016212
"ENSG00000167880.8",401.858049692325,-1.65320564172089,0.436353243258563,7.42774357074925e-06,0.000602857178409635
"ENSG00000175931.13",633.988774166528,-1.03683048603544,0.364594354119844,0.000293031655909658,0.00710635996906718
"ENSG00000129667.13",1466.41868332237,-1.31842842878337,0.300289692063362,7.37113606357287e-07,0.000142026145412103
"ENSG00000222808.1",32.512823832577,-1.2313934585625,0.789990650278658,0.00383834910566061,0.0395453577876131
"ENSG00000266998.3",25.9991579855271,-1.34107822130388,0.64323214676017,0.00152981910214239,0.0216203695448032
"ENSG00000108679.13",6269.02908118052,-1.25798671451235,0.331114895164593,9.67331317538107e-06,0.000729034531205085
"ENSG00000141527.19",55.069788532705,-1.07694574538023,0.417741451466851,0.000602106043666407,0.0115384360098764
"ENSG00000181523.13",358.221554025066,-1.12394772596321,0.355012188060349,9.80443968033117e-05,0.00340159061017602
"ENSG00000141564.16",1108.74057763594,-1.07741267420059,0.379712466855584,0.000283755955458952,0.0070106481722689
"ENSG00000262833.1",28.7005161748606,-1.05282553024114,0.701296979024712,0.00518367151316354,0.0480266094688091
"ENSG00000266074.11",222.607022178371,-1.76131505511249,0.393400800104755,3.81296070679968e-07,9.2423075943062e-05
"ENSG00000185624.16",10358.8188704541,-1.06208117058971,0.257370827282527,2.81971931755614e-06,0.000351231287493086
"ENSG00000141522.13",2000.90014919025,-1.28821149057124,0.374222052770859,3.280454983652e-05,0.0016571157169373
"ENSG00000169710.9",12923.4619975508,-1.63642533369788,0.675199088500128,0.00054886772284173,0.0108068499940857
"ENSG00000296338.1",47.0950565374524,1.14184365344173,0.422512628351525,0.000428131707363874,0.00916395994628378
"ENSG00000041353.10",741.545108855074,1.13748129464646,0.339070205562523,5.34266290193475e-05,0.00228714425947503
"ENSG00000197641.12",34.1823236575584,1.50504533763604,0.404615995672808,1.14327621855902e-05,0.000830240709809441
"ENSG00000280205.1",29.4836739634013,-1.75329888766284,0.622972719280859,0.000215324223024736,0.00585192513393135
"ENSG00000131196.18",125.110644089141,-1.07616509979627,0.344166615344125,0.000117528628264155,0.00381612929547246
"ENSG00000167470.14",2157.79037413444,-1.11406537800564,0.334499492653858,5.48273952295443e-05,0.00232988797222459
"ENSG00000185761.11",108.490147331407,-1.02863750384437,0.300714550168794,4.6259828368625e-05,0.00207440635362007
"ENSG00000079313.15",562.160305210663,-1.39705835691115,0.368673126096723,8.46524494841417e-06,0.000660178689737848
"ENSG00000227500.11",442.448135055041,-1.38661568308475,0.440791665553811,8.36267001254492e-05,0.00304880512225647
"ENSG00000172081.14",945.049863215912,-1.75179324815537,0.434560221099267,2.70569095549434e-06,0.000341608822607859
"ENSG00000065000.20",5528.45004758506,-1.00813746999897,0.290509542867107,3.80304753522539e-05,0.00179513851682468
"ENSG00000104885.19",617.515804359871,-1.4006933249132,0.424362276082063,5.00203035142736e-05,0.00217243143858481
"ENSG00000141905.19",2194.16682476882,-1.36286743618518,0.679019343890811,0.00159628578916591,0.022136494801274
"ENSG00000186111.11",824.435041601446,-1.56459425705223,0.388718910925975,3.02961744448877e-06,0.000366220940715093
"ENSG00000178951.9",1476.13938397983,-1.59291856499398,0.407322440938637,5.13546568119173e-06,0.000495241117868474
"ENSG00000167676.5",73.65072632933,-1.16551330946307,0.442795976618452,0.000463061888141762,0.00964685376027733
"ENSG00000127666.11",638.840579472811,-1.45361446786578,0.374033263519429,5.63222504668537e-06,0.000530105803365043
"ENSG00000130382.9",469.13840197883,-1.20163020178769,0.385819962163662,0.000107921653062184,0.00361830035696522
"ENSG00000125730.18",37393.1911359457,-1.14205918577592,0.357190078867355,0.000115315685128744,0.00376797466658358
"ENSG00000076826.10",319.368868669145,-1.19522508500635,0.336622556658351,2.40536257971896e-05,0.00132979520954579
"ENSG00000183248.12",36.4894261628667,-1.42659344562954,0.558556193087398,0.000467922096995276,0.00971401331489043
"ENSG00000185236.12",655.606636189074,-1.00857593695472,0.367620091157198,0.000404443373259625,0.0089121631279581
"ENSG00000090339.9",1569.80944063389,-1.21187531912066,0.301509660970213,4.00726988842429e-06,0.000422814117580391
"ENSG00000161847.15",334.216074930189,-1.55025219512647,0.431735612188526,1.63261856915981e-05,0.00103844961968154
"ENSG00000065989.16",167.280213622167,-1.60136034552729,0.417799842148616,6.40734948159964e-06,0.000555114070838173
"ENSG00000127616.22",3069.42194208164,-1.37626399040032,0.429705976126072,7.02124713634229e-05,0.00269102798898657
"ENSG00000130158.14",679.121791148884,-1.69436321180858,0.421680837634249,2.89030170622255e-06,0.000356139219594559
"ENSG00000008441.19",1620.08541924327,-1.47622705394052,0.886820240618018,0.00258825779615473,0.0304259895900796
"ENSG00000132003.10",659.659177027142,-1.10923253579779,0.333453607688991,5.81152157278704e-05,0.00236334730476157
"ENSG00000132005.9",209.055670626146,-1.56205164937774,0.464438270945753,3.71680371079224e-05,0.00176839013688277
"ENSG00000072071.17",1174.45309847683,-1.19044999699186,0.394478188666411,0.000150351708620308,0.00453253545802095
"ENSG00000123146.20",719.46312886909,-1.17691507214333,0.330681802772136,2.38408361547514e-05,0.00132394141829033
"ENSG00000105141.6",43.2371474260426,-3.01070802781079,0.511487506373173,2.80535253228769e-10,4.17605170464027e-07
"ENSG00000074181.9",540.208208350566,-1.70769296443205,0.71010774982229,0.000560404652821717,0.0109737753904619
"ENSG00000141867.19",1371.04476260715,-1.34699479193022,0.410912592048307,5.59548223777107e-05,0.00233234411683735
"ENSG00000011451.21",783.254286545405,-1.7993336411122,0.426120508816982,1.23175469757067e-06,0.000202697101012157
"ENSG00000279198.2",41.768763897621,-1.03131480423665,0.422444467323455,0.000907242503597845,0.015140421066491
"ENSG00000127527.15",1502.50269656739,-1.10596866619814,0.294828875989351,1.24482570730348e-05,0.000889579231549905
"ENSG00000280332.1",75.2388196167714,-1.27697518564669,0.503220438143886,0.000536500040145358,0.0106569227243491
"ENSG00000085872.15",365.546074013537,-1.51557466766911,0.477491866135795,7.11386582931141e-05,0.00272071239616969
"ENSG00000099331.14",1232.75401173991,-1.27257593258576,0.37792620946011,4.38440277374406e-05,0.00200619981001651
"ENSG00000074855.11",204.710925801472,-1.12610982354051,0.458347885332972,0.000748470671435148,0.0133851629446981
"ENSG00000130479.11",599.312494615138,-1.72467844553562,0.405616917818023,1.05015534545166e-06,0.000179396537441585
"ENSG00000099308.13",284.849346189235,-1.25807855386632,0.458012761783497,0.00031050889685589,0.00740011899965446
"ENSG00000130518.18",30.7538564352292,-1.32931553056598,0.678887344828656,0.00188048107960738,0.0247470206345691
"ENSG00000105662.16",141.973190145511,-1.143175048473,0.489914615865642,0.000988501893481078,0.0159306005960199
"ENSG00000005007.14",1895.69554443545,-1.45771334306416,0.350982653567874,1.86764346083988e-06,0.000261718130914726
"ENSG00000105726.17",823.216223431859,-1.26071405813031,0.408722395655805,0.000115238970703916,0.00376797466658358
"ENSG00000288920.1",1173.09449509272,1.12641224272421,0.44147645976753,0.000663265290680862,0.0124185694352219
"ENSG00000105699.17",1518.89909096814,-1.04794457645322,0.346639578985263,0.000165912242281472,0.00483111670422528
"ENSG00000272333.8",668.894714910433,-1.79057936518835,0.450619798700972,3.35506644556489e-06,0.000383310998943296
"ENSG00000167595.17",287.234772364906,-1.33129671145947,0.340648272204288,5.49363138214668e-06,0.000524145032455133
"ENSG00000126243.9",106.015442535012,-2.18088551830544,0.486227595999994,3.31760361218822e-07,8.8220358781387e-05
"ENSG00000075702.19",103.475516141299,-1.13251963717382,0.387091285521092,0.000207039265116769,0.0056958026049072
"ENSG00000105738.11",2552.51962893976,-1.36852716212523,0.403246954995512,3.62045999499104e-05,0.00175618179051968
"ENSG00000130669.17",653.108592882997,-1.21865707362062,0.3542679099724,3.50698996286901e-05,0.00172342134147894
"ENSG00000179134.16",1628.54964748875,-1.15287843015219,0.396948653081338,0.000209620476045248,0.00575333702033306
"ENSG00000090924.15",563.198507976783,-1.04379361789261,0.345085984668626,0.000168223654833808,0.00488256908859873
"ENSG00000196235.14",830.601135557219,-1.35665046155334,0.344098007134625,4.70568366130342e-06,0.000479578680868179
"ENSG00000275395.7",658.870947591656,-2.36080681683952,0.406974828913919,3.18261067962018e-10,4.17605170464027e-07
"ENSG00000090006.18",733.14642875554,-1.20869600221511,0.351501440506745,3.62260836534694e-05,0.00175618179051968
"ENSG00000188493.15",109.123627148952,-1.04808077694333,0.429725937047933,0.000863855548337222,0.0146849825435659
"ENSG00000167600.14",56.5793367951952,-1.77046182452761,0.465366471534179,6.82714367812881e-06,0.000574922423261017
"ENSG00000105323.18",2371.66979352949,-1.22059222704378,0.361267566408193,4.52267960090154e-05,0.00205430506838511
"ENSG00000105329.11",889.54700515581,-1.53741377969511,0.384461068099945,3.40699383977291e-06,0.000384347474867967
"ENSG00000142039.4",265.6423107476,-1.03916846343197,0.326985018203959,0.000103531375642072,0.00352379940207182
"ENSG00000105737.10",45.4848408550579,-1.93786261420836,0.602150938193004,5.42782482749811e-05,0.00231318446603437
"ENSG00000028277.22",189.594312614582,-2.34030713600848,0.374818208941851,2.11331310133395e-11,4.21183301095856e-08
"ENSG00000079432.9",1153.15536258593,-1.77455949705504,0.693224536298903,0.000386281087251609,0.00865009221227478
"ENSG00000105429.13",1224.44413541249,-1.64837003999579,0.671468620249789,0.000515953587483911,0.0104126490498756
"ENSG00000069399.15",344.452979575454,-1.66315880387269,0.424553603043353,4.43025940865489e-06,0.000459338514526258
"ENSG00000104853.16",947.800229257022,-1.01491231226593,0.360983481015682,0.000374018982885538,0.00847067991921451
"ENSG00000007047.16",393.584453499862,-1.26326981139855,0.36888985698506,3.58889585161996e-05,0.00174929415463335
"ENSG00000104881.16",570.966023202056,-1.22540523480184,0.391897719425612,9.67731581354883e-05,0.00337708197952579
"ENSG00000170608.3",59.7943389608671,1.01560130727815,0.448987052352984,0.00142311450156886,0.0206357355009221
"ENSG00000176182.6",70.5744976412022,-1.10309090154494,0.407329402135708,0.000402942304395949,0.00889000752023386
"ENSG00000188293.6",47.815574034196,-1.36717969411187,0.39538534793492,3.27845080513e-05,0.0016571157169373
"ENSG00000124440.16",34.6682878510245,-1.38311494899065,0.500262987020809,0.000284462386684635,0.00701367790208074
"ENSG00000105287.13",772.747786296437,-1.12880424015892,0.322547862993876,3.09165953631442e-05,0.00157991729637811
"ENSG00000130749.10",760.806883235777,-1.15076059591139,0.352476019164301,6.99334200744054e-05,0.00269102798898657
"ENSG00000063169.12",82.1106582513938,-1.93633220656273,0.507996122722434,6.23420768086076e-06,0.000550852133850244
"ENSG00000024422.12",2197.46159577149,-1.23906563799069,0.415807471496424,0.000157149467442598,0.00464814897995266
"ENSG00000105499.14",145.877979006058,-1.0362869008021,0.261381509070728,5.84028490202025e-06,0.000536599778234674
"ENSG00000185453.13",49.4513260503971,-1.64756942762296,0.433144113441345,7.26464242682197e-06,0.000597733445916998
"ENSG00000104894.12",35.9965888625478,-1.58143798154041,0.517127686728105,0.000104515934668767,0.00353306103348874
"ENSG00000126464.15",347.786544798658,-2.16700192454416,0.762328038723897,0.00015167635090552,0.00454952960901725
"ENSG00000126461.15",879.875685860047,-1.86702027537633,0.412779448042817,2.90911255145155e-07,8.02780797467482e-05
"ENSG00000104973.19",529.633439716644,-1.11395551206022,0.356842101441672,0.000114176767977539,0.00376468508678883
"ENSG00000104951.16",638.20996346721,-1.22383269295732,0.23352496784219,1.13270593330888e-08,5.97569009581217e-06
"ENSG00000105357.20",63.1742205232906,-2.03098795115303,0.46258061270508,5.43906077586516e-07,0.000113760851491432
"ENSG00000161681.17",34.6141292657413,-1.06789786370635,0.516895507989527,0.00202613760434839,0.0259777199493904
"ENSG00000167754.13",857.588831854825,1.62185530198723,0.313094910014896,1.3142694588441e-08,6.54834757869073e-06
"ENSG00000167755.15",23.4179512107456,1.37877513709062,0.433588719004085,8.4641846551448e-05,0.00307955537848544
"ENSG00000179820.17",2035.00216466545,-1.06052878057422,0.425929847487925,0.000733285144894998,0.0132107071788753
"ENSG00000126583.12",29.0986884556928,-1.30032378559466,0.592999862540129,0.00124566561112697,0.0187445503915977
"ENSG00000142408.7",30.3638767009141,-1.17723374772913,0.53731897079565,0.00138552683598628,0.0202379436946954
"ENSG00000088038.20",300.49178802013,-1.13347789672957,0.460167340254718,0.000741619779840348,0.0133024339909963
"ENSG00000105063.19",1278.60850289255,-1.216347072759,0.302845399470058,3.8480479029725e-06,0.00041263854905454
"ENSG00000197483.11",92.0517926614684,-1.70805009226185,0.526723106489425,5.23293823726313e-05,0.00226176417257322
"ENSG00000179954.16",44.3842602450343,-1.19845377866692,0.588947461564586,0.00179044628908654,0.0238609942249593
"ENSG00000261221.5",294.566653957495,-1.44134577955589,0.401279790612712,1.76095658419406e-05,0.0010753246394521
"ENSG00000213015.9",118.992736570738,-1.16929810372671,0.396058936461116,0.000184964475302382,0.00523297759226944
"ENSG00000063245.15",1610.96576060311,-1.10977605716338,0.301218190981169,1.57215835248411e-05,0.00102544743158209
"ENSG00000119574.13",150.086365425163,-1.56196709454202,0.431317322578448,1.46245368036877e-05,0.000986166603938893
"ENSG00000177732.9",502.997966418341,-1.15361653699476,0.369498797097602,0.00010888678040836,0.00363706178805353
"ENSG00000088881.22",30.1025904499798,-1.24002275194614,0.438972739961142,0.000272531429860387,0.00682736907458905
"ENSG00000088882.8",53.8799911170883,-1.52439830678519,0.382646931445111,4.00305780982033e-06,0.000422814117580391
"ENSG00000303766.1",25.378250660059,-1.11382584822911,0.456286381605684,0.000899200772422451,0.0150597238608231
"ENSG00000101224.18",3103.36402505146,-1.19309855235831,0.353935555188618,4.71085241874886e-05,0.00209673845744661
"ENSG00000101384.12",2452.53450784838,-1.09901851200767,0.34844979712171,0.000104591370283912,0.00353306103348874
"ENSG00000125844.17",3458.69001114596,-1.37550366944429,0.405204662370226,3.69886218315457e-05,0.00176826279106225
"ENSG00000235313.1",68.3489401729993,-1.03943719715502,0.518593990332725,0.00228051382967627,0.0279621733297617
"ENSG00000078814.19",58.1491215232636,-1.13651856504146,0.522764890204065,0.00142927470987519,0.0206647725262354
"ENSG00000126001.17",787.496440288134,-1.48643939658222,0.41587773948095,1.78217413280653e-05,0.00107632516566164
"ENSG00000080845.19",978.586285196825,-1.34313175108144,0.440766737297954,0.000118745994355624,0.00383083974956265
"ENSG00000149639.15",1619.01250032773,-1.04867221869224,0.739261842381269,0.00527633056007443,0.0486089066543683
"ENSG00000100985.7",27.1839772091595,-4.05358790754573,0.716473523001083,1.31432346110469e-09,1.17875099609174e-06
"ENSG00000124216.4",45.0244417645797,-1.21664075880382,0.357821416909439,4.24890142916475e-05,0.00196358550109999
"ENSG00000308203.1",71.4184159418949,-1.12301694230047,0.462000747346506,0.000815204009629911,0.0141689092255152
"ENSG00000198768.11",62.7100340907949,-1.5224264217442,0.388596882712967,4.87951869449698e-06,0.000481206277793854
"ENSG00000179242.16",653.872676679472,-1.64575172410521,0.418294235392903,4.17745934475912e-06,0.000435645862017118
"ENSG00000130702.15",10361.9208588229,-1.56096316671088,0.662366959169996,0.000669201067451927,0.0124870275056048
"ENSG00000277496.1",83.8348357297897,-1.04846395822962,0.335403303852258,0.000124141147954286,0.00394389336473681
"ENSG00000125534.11",1019.25973425138,-1.28500941658688,0.332751655816359,6.87626683881626e-06,0.000576336597053187
"ENSG00000130589.16",3011.79095032076,-1.48226922200813,0.328261127917348,3.62009846963429e-07,9.01857031247642e-05
"ENSG00000277117.6",44.0847295152557,-1.13446195222253,0.499522484086015,0.00119110640345035,0.0180984270592684
"ENSG00000275708.1",4744.10592818233,-1.85484070589632,0.42895720317589,7.44297132672e-07,0.000142026145412103
"ENSG00000277437.1",27.0542721089565,-2.02027946797958,0.527654210905384,6.22265866223629e-06,0.000550852133850244
"ENSG00000264462.1",388.139058989442,-1.49354754108017,0.745869634094013,0.00147201415936018,0.0210722410027482
"ENSG00000309574.1",25.0292366218148,-1.36076132115585,0.588311257299602,0.000930712153307321,0.0153028130933141
"ENSG00000182871.16",5407.35118191343,-1.05686720355422,0.367118376065362,0.000265664465544561,0.00674006155370975
"ENSG00000142156.16",1822.12714714176,-1.78721722281054,0.384237948422048,1.68090154242703e-07,5.48187835754793e-05
"ENSG00000142173.17",2473.52619706692,-1.29947036419185,0.338770875417348,7.46771227567609e-06,0.000603370968868477
"ENSG00000160284.15",103.357542317534,-1.19622385799058,0.375500334433798,8.59226400917277e-05,0.00310099475920588
"ENSG00000286990.1",34.4171322529054,-1.07871585376472,0.690992376714834,0.00457662990051598,0.0441349518954598
"ENSG00000099904.16",493.181010727401,-1.09221285369896,0.381334627409408,0.000260899469014274,0.00665683325136419
"ENSG00000099917.17",1571.30120575975,-1.23473576108558,0.357964833032367,3.35292262975637e-05,0.00166983371736042
"ENSG00000241973.11",1226.15912209424,-1.02215909502807,0.356464883692048,0.000271302279275021,0.00682517388969994
"ENSG00000099977.16",269.612075891467,1.19728081589836,0.394835430645293,0.000146092955582259,0.00444147346487962
"ENSG00000169184.7",239.261779844012,-1.52141194251016,0.404177861594387,8.72098153436877e-06,0.000677178553168713
"ENSG00000100302.7",30.0440752592422,-1.65758955545396,0.478422174593252,2.78251846023088e-05,0.00147227237820535
"ENSG00000100345.23",13226.5085600615,-1.86025549294281,0.416244981700618,3.74907397753333e-07,9.21193697739935e-05
"ENSG00000100350.16",222.977141338021,-1.0121637038426,0.431581044424965,0.00112947069176532,0.0174498844084364
"ENSG00000128340.16",580.525982823076,-1.20958764012193,0.332558393385154,1.72982758183334e-05,0.0010699281839774
"ENSG00000128283.7",1022.0204918109,-1.1816024677894,0.331730754205041,2.33965374994402e-05,0.00130330339480578
"ENSG00000189060.6",547.791520165844,-1.31350666888246,0.346851782246611,9.01346255680795e-06,0.000690916572143009
"ENSG00000198792.13",2895.27534641271,-1.14676885333518,0.312662786676642,1.63162967113008e-05,0.00103844961968154
"ENSG00000221890.7",493.123402695017,-1.26017530974891,0.340389444512559,1.279319471836e-05,0.000895233113523008
"ENSG00000100311.17",1198.64284586981,-1.00132225022232,0.222915569191645,5.94422698315e-07,0.000122553562525013
"ENSG00000196588.21",607.615479945177,-1.14746384931447,0.404749937644055,0.000262441857250091,0.00667952990534256
"ENSG00000280434.1",51.5038592599297,-1.13785837564203,0.555424962485372,0.00186595738761747,0.0246281660498121
"ENSG00000303516.1",69.8634023637496,-1.22890799048201,0.56505391516183,0.00130626758612658,0.0193480773677559
"ENSG00000075275.18",4772.24778160718,-1.41234273812411,0.368621559713732,7.54691889649765e-06,0.000604326268957492
"ENSG00000073150.14",44.3377071988101,-1.79740415638051,0.441762452456817,2.45198477318329e-06,0.00031870471649702
"ENSG00000196576.16",7982.15488474471,-1.56028596168293,0.38797785464762,3.03435179885318e-06,0.000366220940715093
"ENSG00000128165.9",484.383197654609,-1.17218267170903,0.327264924388414,2.21341028058411e-05,0.00125242713573619
"ENSG00000130487.9",30.0650319248747,-2.5384285600178,0.476151272611772,5.95268860502835e-09,3.68184053477219e-06
"ENSG00000100299.18",760.987136443771,-1.05478233214702,0.305633146363871,3.99791852353616e-05,0.00186721938761977
"ENSG00000251322.12",257.641351425589,-1.50530336727263,0.442676965910262,3.33689263963921e-05,0.0016672379742955
"ENSG00000046653.15",151.385344613927,1.11422431056371,0.242717660258284,3.44284167625416e-07,8.8220358781387e-05
"ENSG00000183337.18",637.932517468453,-1.01730260584046,0.344984486469875,0.000221433953633818,0.00597272304711247
"ENSG00000147144.13",230.375048613602,-1.14811110258187,0.379272145611883,0.000152429368780106,0.00456448345210143
"ENSG00000102302.8",295.327150793825,-1.24650747279775,0.406504028522571,0.000121007084567369,0.00388283376723596
"ENSG00000165194.15",33.6022959042079,-1.72713625146673,0.445076381150207,5.80845172029158e-06,0.000536599778234674
"ENSG00000102359.9",22.6508351606669,1.0623917786279,0.499860665261872,0.0019058153033873,0.0250070293320103
"ENSG00000085185.16",392.985290500715,-1.64201337843189,0.475466563020429,2.60027140725696e-05,0.00140485145277012
"ENSG00000013619.15",126.137133983566,-1.04880905458465,0.434428064122767,0.000914257650223087,0.0152095832622241
"ENSG00000101986.12",203.259039734402,-1.3490385129398,0.317933955567514,1.33268307403986e-06,0.000215354381072549
"ENSG00000198753.12",47.348351425724,-1.57411077860191,0.491613737293745,6.52236992988277e-05,0.00255440500943902
"ENSG00000198910.14",1051.25113696635,-1.22392866521243,0.444004490649386,0.000311794158967338,0.00740011899965446
"ENSG00000172534.14",2246.53110324849,-1.84732914436793,0.734379286162753,0.000413145916107285,0.0089716686406978
"ENSG00000196924.19",36224.5283470591,-1.52815618531957,0.38461347955242,3.74988556863879e-06,0.000405450915298695
"ENSG00000130827.6",1237.02274372566,-1.26551829929744,0.384165110070733,5.54563797340949e-05,0.00233234411683735
